<?xml version="1.0" encoding="UTF-8"?>
<topics><topic><id><![CDATA[839261830936264704]]></id><title><![CDATA[迷你博客模板介绍]]></title><description><![CDATA[一、迷你博客模板介绍迷你博客是一个安装简单，使用简单，持续升级的轻量级博客模板，提供简便的博文发布功能，安装简单不用下载数据库。二、云服务器下载如果要安装在linux，可购买云服务器部署，当然如果有自己的服务器，放上去重启即可。阿里云服务器购买三、window服务器安装先安装jdk1.8的环境，安装流程可以参考：Window环境变量配置 也可以自行网上搜索。解压程序，双击执行如下脚本即可mi...]]></description><topicurl></topicurl><visible><![CDATA[1]]></visible><menuid><![CDATA[753005780130594816]]></menuid><type><![CDATA[1]]></type><create_datetime><![CDATA[2021-05-04 22:06:53]]></create_datetime><update_datetime><![CDATA[2023-05-18 21:11:01]]></update_datetime><menu_name><![CDATA[记事本]]></menu_name><menu_img><![CDATA[/image/txt.png]]></menu_img></topic></topics>